Hong Kong International Airport   ,,,,,,,,,,,,,
,,Aircraft,0,0,0,Passenger @,,,,Freight β (Tonne),,,
Year,Month,Landing,Take-off,Total,"Year-on-year 
% change",Arrival,Departure,Total,"Year-on-year 
% change",Unloaded,Loaded,Total,"Year-on-year 
% change"
1998,*,81616,81607,163223,-1.2,13634989,13573803,27208792,-3.9,774544,854198,1628742,-8.8
1999,,83686,83683,167369,2.5,14552270,14510300,29062570,6.8,841161,1133130,1974291,21.2
2000,,90949,90969,181918,8.7,16112065,16018647,32130712,10.6,952514,1288071,2240586,13.5
2001,,98415,98402,196817,8.2,16027680,15999264,32026944,-0.3,893935,1180398,2074333,-7.4
2002,,103355,103346,206701,5,16772252,16679320,33451572,4.4,1003559,1475259,2478818,19.5
2003,,93748,93759,187507,-9.3,13419252,13333042,26752294,-20,1035198,1606905,2642103,6.6
2004,,118662,118646,237308,26.6,18283151,18003491,36286642,35.6,1164735,1925177,3089911,16.9
2005,,131759,131745,263504,11,19990767,19808828,39799595,9.7,1245966,2156284,3402250,10.1
2006,,140203,140177,280380,6.4,21726748,21546922,43273670,8.7,1300467,2279880,3580348,5.2
2007,,147675,147657,295332,5.3,23170222,23126341,46296563,7,1352087,2389949,3742037,4.5
2008,,150577,150561,301138,2,23533393,23605099,47138492,1.8,1326539,2300710,3627249,-3.1
2009,,139715,139686,279401,-7.2,22445251,22550536,44995787,-4.5,1263234,2084013,3347246,-7.7
2010,,153279,153260,306539,9.7,24787150,24988002,49775152,10.6,1479195,2648976,4128171,23.3
2011,,166919,166887,333806,8.9,26261929,26490789,52752718,6,1442252,2495773,3938025,-4.6
2012,,175861,175823,351684,5.4,27694115,27961568,55655683,5.5,1462972,2562378,4025350,2.2
2013,,186048,186032,372080,5.8,29486280,29787247,59273527,6.5,1488324,2638789,4127113,2.5
2014,,195520,195488,391008,5.1,31308655,31592369,62901024,6.1,1585096,2791253,4376349,6
2015,,203043,203005,406048,3.8,33872410,34198872,68071282,8.2,1596231,2783908,4380139,0.1
2016,,205793,205773,411566,1.4,34932225,35165991,70098216,3,1648331,2872697,4521028,3.2
2017,,210339,210320,420659,2.2,36213685,36248551,72462236,3.4,1723901,3213528,4937429,9.2
2018,,213899,213867,427766,1.7,37182732,37177097,74359829,2.6,1781098,3236756,5017854,1.6
2019,,209904,209891,419795,-1.9,35657254,35630298,71287552,-4.1,1606820,3096769,4703590,-6.3
2020,# ¶,47109,47014,94123,-55.8,4214233,4066837,8281070,-78,676497,1358613,2035111,-9.3
,,,,,,,,,,,,,
1998,Jan,7032,7029,14061,2.6,1029744,1200708,2230452,-5.9,61132,64242,125375,-1.8
,Feb,6078,6074,12152,-4.6,1091947,913061,2005008,-18.4,62001,51141,113142,11
,Mar,6584,6585,13169,-6.1,1070547,1099234,2169781,-16.8,75231,79156,154386,0.3
,Apr,6704,6701,13405,-2.1,1184956,1151549,2336505,-9.5,69404,70065,139469,-5.8
,May,6786,6784,13570,-1.9,1051369,1077758,2129127,-12.3,72498,70479,142977,-2.2
,Jun,6546,6549,13095,-2.6,1085690,1085479,2171169,-0.8,69156,68917,138073,-5
,Jul,6944,6947,13891,-1.3,1203855,1238250,2442105,6.7,45968,49252,95221,-37.7
,Aug,7195,7194,14389,2.5,1334642,1269286,2603928,1.2,56173,64362,120534,-21.3
,Sep,6826,6828,13654,-0.5,1021237,1097754,2118991,-0.2,61249,78228,139477,-12.4
,Oct,7127,7112,14239,1,1246202,1173786,2419988,5,66381,88081,154462,-10.3
,Nov,6737,6741,13478,-1.6,1095185,1062187,2157372,2.5,66855,90629,157485,-8
,Dec,7057,7063,14120,0.2,1219615,1204751,2424366,5.8,68496,79644,148141,-4.1
1999,Jan,6803,6809,13612,-3.2,1072733,1080788,2153521,-3.4,62389,71177,133566,6.5
,Feb,6619,6615,13234,8.9,1165738,1177213,2342951,16.9,56367,60932,117299,3.7
,Mar,6904,6919,13823,5,1141608,1158939,2300547,6,70664,86221,156884,1.6
,Apr,6994,6995,13989,4.4,1266402,1222643,2489045,6.5,67720,88335,156054,11.9
,May,6960,6935,13895,2.4,1156803,1163977,2320780,9,71316,87789,159105,11.3
,Jun,6626,6651,13277,1.4,1110030,1135203,2245233,3.4,66394,85257,151651,9.8
,Jul,7144,7145,14289,2.9,1330977,1369445,2700422,10.6,70096,95223,165319,73.6
,Aug,7174,7169,14343,-0.3,1408157,1339286,2747443,5.5,65910,96744,162654,34.9
,Sep,6803,6805,13608,-0.3,1113918,1153682,2267600,7,69492,104617,174108,24.8
,Oct,7266,7264,14530,2,1316375,1277962,2594337,7.2,80596,119429,200025,29.5
,Nov,7078,7081,14159,5.1,1235095,1217614,2452709,13.7,77657,125220,202877,28.8
,Dec,7315,7295,14610,3.5,1234434,1213548,2447982,1,82560,112188,194749,31.5
2000,Jan,6908,6926,13834,1.6,1125875,1166816,2292691,6.5,71559,90464,162022,21.3
,Feb,7010,7014,14024,6,1305123,1233741,2538864,8.4,61923,74265,136187,16.1
,Mar,7306,7306,14612,5.7,1252303,1260248,2512551,9.2,80416,114821,195237,24.4
,Apr,7445,7445,14890,6.4,1433209,1445557,2878766,15.7,79007,107336,186342,19.4
,May,7531,7538,15069,8.4,1330375,1322463,2652838,14.3,77890,103515,181405,14
,Jun,7318,7321,14639,10.3,1310638,1320560,2631198,17.2,79055,101523,180578,19.1
,Jul,7758,7737,15495,8.4,1450450,1484304,2934754,8.7,81179,107739,188918,14.3
,Aug,7928,7938,15866,10.6,1525680,1452082,2977762,8.4,79036,109116,188152,15.7
,Sep,7761,7765,15526,14.1,1315969,1376089,2692058,18.7,85060,117433,202494,16.3
,Oct,8116,8087,16203,11.5,1429783,1379342,2809125,8.3,84840,125315,210155,5.1
,Nov,7803,7816,15619,10.3,1274250,1247394,2521644,2.8,85296,129237,214533,5.7
,Dec,8065,8076,16141,10.5,1358410,1330051,2688461,9.8,87253,107309,194562,-0.1
2001,Jan,8228,8229,16457,19,1331381,1419393,2750774,20,65479,77491,142970,-11.8
,Feb,7091,7098,14189,1.2,1175217,1090521,2265738,-10.8,70601,80263,150864,10.8
,Mar,8170,8169,16339,11.8,1416898,1416302,2833200,12.8,81772,106799,188571,-3.4
,Apr,8327,8322,16649,11.8,1425368,1473037,2898405,0.7,74299,90546,164845,-11.5
,May,8410,8402,16812,11.6,1356892,1323266,2680158,1,73159,85913,159071,-12.3
,Jun,8227,8233,16460,12.4,1358268,1393481,2751749,4.6,75419,88867,164286,-9
,Jul,8379,8368,16747,8.1,1389017,1408658,2797675,-4.7,72311,89937,162248,-14.1
,Aug,8602,8607,17209,8.5,1540111,1487073,3027184,1.7,70463,97253,167716,-10.9
,Sep,8295,8290,16585,6.8,1218047,1290859,2508906,-6.8,77194,105242,182436,-9.9
,Oct,8475,8474,16949,4.6,1289195,1207694,2496889,-11.1,76396,122144,198540,-5.5
,Nov,7932,7929,15861,1.5,1168502,1152605,2321107,-8,77284,126505,203789,-5
,Dec,8279,8281,16560,2.6,1358784,1336375,2695159,0.2,79558,109438,188996,-2.9
2002,Jan,7921,7925,15846,-3.7,1216709,1216682,2433391,-11.5,71385,95303,166688,16.6
,Feb,7687,7682,15369,8.3,1328364,1309146,2637510,16.4,67339,81702,149040,-1.2
,Mar,8340,8348,16688,2.1,1384018,1485728,2869746,1.3,86461,125499,211960,12.4
,Apr,8375,8369,16744,0.6,1475597,1392442,2868039,-1,81233,115705,196938,19.5
,May,8509,8512,17021,1.2,1374134,1368024,2742158,2.3,84516,113675,198192,24.6
,Jun,8308,8302,16610,0.9,1290681,1313620,2604301,-5.4,86755,118435,205190,24.9
,Jul,8803,8814,17617,5.2,1466811,1485923,2952734,5.5,84937,123822,208759,28.7
,Aug,9162,9161,18323,6.5,1588865,1522140,3111005,2.8,83356,124275,207631,23.8
,Sep,8795,8798,17593,6.1,1322969,1364733,2687702,7.1,85333,132405,217738,19.4
,Oct,9361,9346,18707,10.4,1505215,1446619,2951834,18.2,90907,158398,249305,25.6
,Nov,8997,8999,17996,13.5,1354986,1331352,2686338,15.7,91908,160401,252310,23.8
,Dec,9097,9090,18187,9.8,1463903,1442911,2906814,7.9,89428,125639,215067,13.8
2003,Jan,9073,9073,18146,14.5,1301159,1443118,2744277,12.8,80704,117405,198108,18.8
,Feb,8314,8317,16631,8.2,1401770,1229888,2631658,-0.2,72053,87920,159973,7.3
,Mar,9049,9059,18108,8.5,1200309,1253754,2454063,-14.5,92566,143878,236444,11.6
,Apr,6069,6064,12133,-27.5,419307,473589,892896,-68.9,80963,122253,203216,3.2
,May,4316,4313,8629,-49.3,276938,279129,556067,-79.7,81695,119034,200730,1.3
,Jun,4755,4752,9507,-42.8,565475,567385,1132860,-56.5,82458,118915,201373,-1.9
,Jul,7093,7095,14188,-19.5,1203133,1198583,2401716,-18.7,84335,126918,211253,1.2
,Aug,8463,8460,16923,-7.6,1509449,1430921,2940370,-5.5,85054,134104,219158,5.6
,Sep,8477,8479,16956,-3.6,1282265,1309868,2592133,-3.6,89408,145534,234942,7.9
,Oct,9374,9370,18744,0.2,1432563,1375288,2807851,-4.9,93022,167957,260979,4.7
,Nov,9272,9275,18547,3.1,1355812,1326757,2682569,-0.1,95410,172388,267798,6.1
,Dec,9493,9502,18995,4.4,1471072,1444762,2915834,0.3,97529,150598,248128,15.4
2004,Jan,9656,9650,19306,6.4,1462011,1502530,2964541,8,80533,116498,197032,-0.5
,Feb,8605,8597,17202,3.4,1212443,1133189,2345632,-10.9,90381,132537,222918,39.3
,Mar,9582,9589,19171,5.9,1389324,1369687,2759011,12.4,100376,169473,269849,14.1
,Apr,9842,9842,19684,62.2,1538619,1500544,3039163,240.4,94557,153836,248393,22.2
,May,9763,9763,19526,126.3,1375639,1379485,2755124,395.5,98580,147313,245894,22.5
,Jun,9629,9625,19254,102.5,1513929,1495996,3009925,165.7,98863,149670,248533,23.4
,Jul,10203,10200,20403,43.8,1678414,1677102,3355516,39.7,100383,156743,257126,21.7
,Aug,10282,10278,20560,21.5,1749152,1676775,3425927,16.5,92807,161679,254485,16.1
,Sep,10024,10034,20058,18.3,1453376,1527031,2980407,15,101489,175726,277215,18
,Oct,10555,10543,21098,12.6,1702428,1594733,3297161,17.4,103077,190806,293883,12.6
,Nov,10104,10106,20210,9,1561870,1534137,3096007,15.4,98732,196427,295159,10.2
,Dec,10417,10419,20836,9.7,1645946,1612282,3258228,11.7,104957,174467,279425,12.6
2005,Jan,10173,10168,20341,5.4,1467450,1471398,2938848,-0.9,93084,154030,247115,25.4
,Feb,9563,9569,19132,11.2,1536135,1491777,3027912,29.1,82848,121763,204611,-8.2
,Mar,10663,10656,21319,11.2,1600054,1647708,3247762,17.7,105221,185691,290913,7.8
,Apr,10658,10664,21322,8.3,1655053,1611318,3266371,7.5,103219,182117,285336,14.9
,May,10832,10830,21662,10.9,1623554,1624951,3248505,17.9,102490,168390,270880,10.2
,Jun,10670,10664,21334,10.8,1611684,1607484,3219168,7,104865,175059,279924,12.6
,Jul,11369,11368,22737,11.4,1837625,1856694,3694319,10.1,107584,182618,290201,12.9
,Aug,11497,11484,22981,11.8,1866146,1793787,3659933,6.8,102913,179431,282344,10.9
,Sep,11310,11329,22639,12.9,1603116,1626113,3229229,8.3,109513,193985,303498,9.5
,Oct,11830,11817,23647,12.1,1775323,1716958,3492281,5.9,110050,208110,318160,8.3
,Nov,11454,11460,22914,13.4,1652645,1634383,3287028,6.2,107843,211245,319088,8.1
,Dec,11740,11736,23476,12.7,1761982,1726257,3488239,7.1,116336,193844,310181,11
2006,Jan,11559,11552,23111,13.6,1613628,1782586,3396214,15.6,98036,171240,269275,9
,Feb,10327,10336,20663,8,1692003,1490459,3182462,5.1,93641,130543,224184,9.6
,Mar,11798,11783,23581,10.6,1736965,1706518,3443483,6,113324,207062,320386,10.1
,Apr,11766,11770,23536,10.4,1858407,1860444,3718851,13.9,106566,188412,294978,3.4
,May,11627,11628,23255,7.4,1731123,1726936,3458059,6.5,105954,177630,283584,4.7
,Jun,11442,11445,22887,7.3,1782229,1752060,3534289,9.8,107976,181798,289774,3.5
,Jul,11967,11968,23935,5.3,1985718,2022168,4007886,8.5,109369,183936,293305,1.1
,Aug,11865,11867,23732,3.3,2029039,1958882,3987921,9,104689,188487,293176,3.8
,Sep,11658,11641,23299,2.9,1685220,1750234,3435454,6.4,114225,206903,321129,5.8
,Oct,12201,12204,24405,3.2,1917065,1851078,3768143,7.9,113091,215110,328201,3.2
,Nov,11879,11872,23751,3.7,1790379,1765254,3555633,8.2,115482,227231,342714,7.4
,Dec,12114,12111,24225,3.2,1904972,1880303,3785275,8.5,118115,201528,319643,3.1
2007,Jan,11773,11776,23549,1.9,1686567,1693698,3380265,-0.5,101067,169711,270778,0.6
,Feb,11138,11128,22266,7.8,1744611,1781873,3526484,10.8,90390,144550,234940,4.8
,Mar,12056,12048,24104,2.2,1870849,1835500,3706349,7.6,113910,189352,303261,-5.3
,Apr,12212,12219,24431,3.8,1962130,1964932,3927062,5.6,105276,193026,298302,1.1
,May,12371,12370,24741,6.4,1849159,1841896,3691055,6.7,107984,186240,294224,3.8
,Jun,12085,12076,24161,5.6,1866715,1893134,3759849,6.4,113950,190823,304773,5.2
,Jul,12682,12682,25364,6,2111548,2139297,4250845,6.1,115394,199425,314819,7.3
,Aug,12776,12778,25554,7.7,2171869,2119135,4291004,7.6,116614,206857,323471,10.3
,Sep,12328,12328,24656,5.8,1815579,1886211,3701790,7.8,121428,221153,342581,6.7
,Oct,12891,12878,25769,5.6,2045663,1967421,4013084,6.5,120801,231793,352595,7.4
,Nov,12567,12566,25133,5.8,1973422,1946694,3920116,10.3,121881,242186,364067,6.2
,Dec,12796,12808,25604,5.7,2072110,2056550,4128660,9.1,123393,214833,338227,5.8
2008,Jan,12377,12375,24752,5.1,1895369,1954482,3849851,13.9,112202,183227,295429,9.1
,Feb,11869,11852,23721,6.5,1914806,1866881,3781687,7.2,99485,147009,246494,4.9
,Mar,12855,12868,25723,6.7,2048338,2070194,4118532,11.1,120054,214142,334196,10.2
,Apr,12515,12500,25015,2.4,1971341,1971196,3942537,0.4,115204,205168,320372,7.4
,May,12894,12891,25785,4.2,1989197,2018584,4007781,8.6,117341,196866,314207,6.8
,Jun,12405,12402,24807,2.7,1971715,1988285,3960000,5.3,115362,196501,311863,2.3
,Jul,12936,12945,25881,2,2135526,2177098,4312624,1.5,116574,200602,317176,0.7
,Aug,12710,12699,25409,-0.6,2053668,2002647,4056315,-5.5,112901,198147,311048,-3.8
,Sep,12256,12275,24531,-0.5,1740560,1791770,3532330,-4.6,111934,205648,317582,-7.3
,Oct,12988,12981,25969,0.8,2004086,1949857,3953943,-1.5,110680,209179,319859,-9.3
,Nov,12405,12387,24792,-1.4,1848194,1855153,3703347,-5.5,101081,194450,295531,-18.8
,Dec,12367,12386,24753,-3.3,1960593,1958952,3919545,-5.1,93722,149771,243493,-28
2009,Jan,12121,12110,24231,-2.1,1847357,2037214,3884571,0.9,79692,130289,209981,-28.9
,Feb,10614,10606,21220,-10.5,1704849,1548504,3253353,-14,83284,114297,197581,-19.8
,Mar,11888,11898,23786,-7.5,1895295,1906364,3801659,-7.7,102162,165759,267921,-19.8
,Apr,12035,12046,24081,-3.7,2061094,2072120,4133214,4.8,100154,156445,256599,-19.9
,May,11712,11699,23411,-9.2,1739160,1769457,3508617,-12.5,102162,156485,258647,-17.7
,Jun,10753,10743,21496,-13.3,1605696,1614833,3220529,-18.7,105408,164331,269739,-13.5
,Jul,11641,11659,23300,-10,1944748,1977040,3921788,-9.1,113673,177918,291591,-8.1
,Aug,11854,11842,23696,-6.7,2124738,2075480,4200218,3.5,113246,182571,295817,-4.9
,Sep,11272,11286,22558,-8,1669139,1763006,3432145,-2.8,111237,192667,303904,-4.3
,Oct,11964,11948,23912,-7.9,1950671,1873430,3824101,-3.3,117084,206038,323122,1
,Nov,11753,11747,23500,-5.2,1868035,1872810,3740845,1,114207,229353,343560,16.3
,Dec,12108,12102,24210,-2.2,2034469,2040278,4074747,4,120925,207859,328784,35
2010,Jan,11724,11723,23447,-3.2,1906253,1913801,3820054,-1.7,113334,187245,300579,43.1
,Feb,11132,11121,22253,4.9,1903106,1932304,3835410,17.9,100685,156413,257098,30.1
,Mar,12168,12189,24357,2.4,1996482,2056281,4052763,6.6,127316,220168,347483,29.7
,Apr,12348,12352,24700,2.6,2066587,2011508,4078095,-1.3,123328,229516,352843,37.5
,May,12685,12686,25371,8.4,1989423,2040482,4029905,14.9,129287,237029,366316,41.6
,Jun,12386,12384,24770,15.2,2026111,2070870,4096981,27.2,125832,221506,347338,28.8
,Jul,13361,13355,26716,14.7,2282784,2343553,4626337,18,132840,230460,363300,24.6
,Aug,13566,13563,27129,14.5,2318179,2272106,4590285,9.3,121192,224959,346151,17
,Sep,13054,13057,26111,15.8,1961220,2055165,4016385,17,120933,225015,345948,13.8
,Oct,13608,13587,27195,13.7,2164533,2098364,4262897,11.5,130144,242402,372546,15.3
,Nov,13366,13385,26751,13.8,2009235,2027892,4037127,7.9,121034,246154,367188,6.9
,Dec,13881,13858,27739,14.6,2163237,2165676,4328913,6.2,133271,228110,361381,9.9
2011,Jan,13716,13707,27423,17,2018970,2188292,4207262,10.1,124091,209220,333312,10.9
,Feb,12159,12146,24305,9.2,2019211,1889523,3908734,1.9,102254,139649,241903,-5.9
,Mar,14057,14087,28144,15.5,2043980,2071634,4115614,1.6,133508,235817,369324,6.3
,Apr,13854,13844,27698,12.1,2180834,2238351,4419185,8.4,120155,209352,329507,-6.6
,May,13923,13925,27848,9.8,2128754,2138563,4267317,5.9,120158,209139,329297,-10.1
,Jun,13557,13539,27096,9.4,2155051,2173686,4328737,5.7,117860,203075,320935,-7.6
,Jul,14442,14449,28891,8.1,2408153,2487279,4895432,5.8,124652,215747,340398,-6.3
,Aug,14477,14474,28951,6.7,2487664,2410109,4897773,6.7,115894,202433,318328,-8
,Sep,13862,13856,27718,6.2,2069126,2176596,4245722,5.7,117293,207705,324998,-6.1
,Oct,14280,14277,28557,5,2295964,2229015,4524979,6.1,119325,222967,342293,-8.1
,Nov,13943,13937,27880,4.2,2119774,2137734,4257508,5.5,117789,224308,342097,-6.8
,Dec,14649,14646,29295,5.6,2334448,2350007,4684455,8.2,129272,216362,345634,-4.4
2012,Jan,14513,14498,29011,5.8,2330233,2461330,4791563,13.9,103271,172351,275623,-17.3
,Feb,13295,13288,26583,9.4,2027056,1967589,3994645,2.2,112463,173458,285922,18.2
,Mar,14799,14806,29605,5.2,2232679,2319542,4552221,10.6,128758,239507,368265,-0.3
,Apr,14518,14518,29036,4.8,2409398,2390691,4800089,8.6,114926,212394,327321,-0.7
,May,14615,14628,29243,5,2228770,2241565,4470335,4.8,119914,213047,332961,1.1
,Jun,14227,14204,28431,4.9,2275492,2321499,4596991,6.2,125678,208117,333795,4
,Jul,14940,14939,29879,3.4,2448576,2513292,4961868,1.4,126376,208328,334704,-1.7
,Aug,15246,15243,30489,5.3,2585672,2540398,5126070,4.7,119133,208858,327991,3
,Sep,14424,14430,28854,4.1,2093402,2241837,4335239,2.1,125384,221330,346714,6.7
,Oct,15029,15011,30040,5.2,2393540,2250711,4644251,2.6,124197,221699,345896,1.1
,Nov,14855,14859,29714,6.6,2250167,2255939,4506106,5.8,126812,247365,374177,9.4
,Dec,15400,15399,30799,5.1,2419130,2457175,4876305,4.1,136060,235922,371983,7.6
2013,Jan,15145,15147,30292,4.4,2242322,2302117,4544439,-5.2,123542,210766,334308,21.3
,Feb,13849,13831,27680,4.1,2312388,2304793,4617181,15.6,100601,149789,250390,-12.4
,Mar,15265,15286,30551,3.2,2382897,2563481,4946378,8.7,131323,228311,359634,-2.3
,Apr,15294,15258,30552,5.2,2479143,2386476,4865619,1.4,119433,222129,341562,4.4
,May,15517,15541,31058,6.2,2318202,2345076,4663278,4.3,122550,216241,338791,1.8
,Jun,15267,15288,30555,7.5,2442046,2513188,4955234,7.8,122602,213822,336424,0.8
,Jul,16077,16069,32146,7.6,2628771,2725633,5354404,7.9,123016,218584,341600,2.1
,Aug,16211,16204,32415,6.3,2815176,2734813,5549989,8.3,121430,214957,336387,2.6
,Sep,15232,15217,30449,5.5,2317578,2439360,4756938,9.7,123842,222208,346051,-0.2
,Oct,15935,15946,31881,6.1,2543301,2432859,4976160,7.1,127426,239956,367382,6.2
,Nov,15832,15823,31655,6.5,2413987,2426441,4840428,7.4,135400,263784,399184,6.7
,Dec,16424,16422,32846,6.6,2590469,2613010,5203479,6.7,137159,238242,375401,0.9
2014,Jan,16344,16356,32700,7.9,2411670,2679594,5091264,12,123636,226707,350343,4.8
,Feb,14385,14377,28762,3.9,2484996,2241160,4726156,2.4,107118,140039,247157,-1.3
,Mar,16229,16230,32459,6.2,2524215,2578786,5103001,3.2,143184,253505,396689,10.3
,Apr,16356,16365,32721,7.1,2642678,2696769,5339447,9.7,129418,232963,362381,6.1
,May,16377,16354,32731,5.4,2531077,2567704,5098781,9.3,133397,233826,367224,8.4
,Jun,15888,15883,31771,4,2561527,2599831,5161358,4.2,131152,230342,361494,7.5
,Jul,16641,16650,33291,3.6,2732053,2835877,5567930,4,134612,235565,370176,8.4
,Aug,16859,16854,33713,4,2924815,2829471,5754286,3.7,131965,233323,365288,8.6
,Sep,16011,16005,32016,5.1,2419809,2584752,5004561,5.2,131557,232311,363868,5.1
,Oct,16831,16818,33649,5.5,2730852,2606393,5337245,7.3,135230,248989,384220,4.6
,Nov,16473,16463,32936,4,2551592,2558924,5110516,5.6,142360,277839,420199,5.3
,Dec,17126,17133,34259,4.3,2793371,2813108,5606479,7.7,141466,245844,387310,3.2
2015,Jan,16695,16696,33391,2.1,2595373,2592581,5187954,1.9,134977,220785,355762,1.5
,Feb,15605,15601,31206,8.5,2624177,2772766,5396943,14.2,114851,188173,303024,22.6
,Mar,17161,17152,34313,5.7,2853250,2846211,5699461,11.7,144926,219156,364082,-8.2
,Apr,16866,16861,33727,3.1,2913567,2883805,5797372,8.6,128815,231799,360613,-0.5
,May,17063,17059,34122,4.2,2838931,2878212,5717143,12.1,133970,231742,365712,-0.4
,Jun,16449,16441,32890,3.5,2737213,2794920,5532133,7.2,129866,219526,349392,-3.3
,Jul,17092,17106,34198,2.7,2885446,3026396,5911842,6.2,132397,230470,362866,-2
,Aug,17456,17432,34888,3.5,3191510,3068192,6259702,8.8,128618,232400,361018,-1.2
,Sep,16537,16559,33096,3.4,2563951,2745276,5309227,6.1,130455,237160,367615,1
,Oct,17421,17394,34815,3.5,2950147,2792728,5742875,7.6,139437,252695,392133,2.1
,Nov,16995,16993,33988,3.2,2772220,2787098,5559318,8.8,135115,271821,406937,-3.2
,Dec,17703,17711,35414,3.4,2946625,3010687,5957312,6.3,142802,248182,390985,0.9
2016,Jan,17617,17604,35221,5.5,2905384,2974781,5880165,13.3,133850,226988,360838,1.4
,Feb,16321,16303,32624,4.5,2862357,2799093,5661450,4.9,105954,151711,257664,-15
,Mar,17520,17562,35082,2.2,2910911,3064261,5975172,4.8,138904,228611,367516,0.9
,Apr,16854,16838,33692,-0.1,2969968,2912250,5882218,1.5,132074,233492,365565,1.4
,May,17204,17179,34383,0.8,2879429,2918209,5797638,1.4,133551,228713,362264,-0.9
,Jun ,16871,16910,33781,2.7,2881262,2957890,5839152,5.5,135950,232022,367972,5.3
,Jul ,17605,17606,35211,3,3068952,3203910,6272862,6.1,141101,239052,380154,4.8
,Aug,17423,17387,34810,-0.2,3150587,2977909,6128496,-2.1,133842,240275,374117,3.6
,Sep,16926,16952,33878,2.4,2669072,2792648,5461720,2.9,143583,250598,394182,7.2
,Oct ,17325,17290,34615,-0.6,2915853,2792808,5708661,-0.6,149380,270793,420173,7.2
,Nov ,16291,16312,32603,-4.1,2685849,2683867,5369716,-3.4,145488,290587,436075,7.2
,Dec ,17836,17830,35666,0.7,3032601,3088365,6120966,2.7,154653,279854,434507,11.1
2017,Jan,17654,17660,35314,0.3,2943596,3211774,6155370,4.7,128070,245162,373232,3.4
,Feb,15632,15610,31242,-4.2,2884555,2573365,5457920,-3.6,126060,168295,294355,14.2
,Mar,17616,17644,35260,0.5,2896728,2956415,5853143,-2,154310,278682,432992,17.8
,Apr,17380,17371,34751,3.1,3093993,3140304,6234297,6,135865,262042,397907,8.8
,May,17716,17715,35431,3,2974430,2975197,5949627,2.6,138282,270477,408759,12.8
,Jun,17302,17294,34596,2.4,2932348,2934229,5866577,0.5,141886,268355,410240,11.5
,Jul,18130,18144,36274,3,3172470,3315524,6487994,3.4,148656,274004,422660,11.2
,Aug,17805,17796,35601,2.3,3322437,3145358,6467795,5.5,143574,268266,411840,10.1
,Sep,17319,17316,34635,2.2,2703551,2864256,5567807,1.9,147654,280633,428288,8.7
,Oct,18008,17983,35991,4,3160307,2967327,6127634,7.3,147835,282106,429941,2.3
,Nov,17453,17463,34916,7.1,2961668,2944924,5906592,10,152471,313193,465664,6.8
,Dec,18324,18324,36648,2.8,3167602,3219878,6387480,4.4,159237,302314,461550,6.2
2018,Jan,18011,17997,36008,2,3062846,3028483,6091329,-1,143773,265646,409419,9.7
,Feb,16169,16164,32333,3.5,2883759,2917780,5801539,6.3,121073,192859,313932,6.7
,Mar,18113,18139,36252,2.8,3118370,3250254,6368624,8.8,162753,258988,421741,-2.6
,Apr,17701,17676,35377,1.8,3190903,3084314,6275217,0.7,145870,273854,419724,5.5
,May,17999,17999,35998,1.6,2995211,3018706,6013917,1.1,148006,280265,428271,4.8
,Jun,17666,17674,35340,2.2,3054597,3126690,6181287,5.4,150890,265120,416010,1.4
,Jul,18352,18347,36699,1.2,3257303,3375895,6633198,2.2,153706,271127,424833,0.5
,Aug,18487,18479,36966,3.8,3486029,3331597,6817626,5.4,150773,272572,423345,2.8
,Sep,16855,16867,33722,-2.6,2706750,2833151,5539901,-0.5,148879,274415,423294,-1.2
,Oct,18271,18245,36516,1.5,3176375,2974104,6150479,0.4,152730,290950,443681,3.2
,Nov,17714,17737,35451,1.5,3004300,2973557,5977857,1.2,150699,304682,455381,-2.2
,Dec,18561,18543,37104,1.2,3246289,3262566,6508855,1.9,151946,286277,438223,-5.1
2019,Jan,18263,18271,36534,1.5,3174686,3285507,6460193,6.1,133183,259569,392752,-4.1
,Feb,16219,16217,32436,0.3,3039630,2827076,5866706,1.1,109996,159407,269403,-14.2
,Mar,18371,18381,36752,1.4,3170973,3225933,6396906,0.4,147360,274847,422207,0.1
,Apr,17843,17823,35666,0.8,3224183,3240153,6464336,3,130021,255013,385034,-8.3
,May,18152,18161,36313,0.9,3091554,3118381,6209935,3.3,135693,260049,395742,-7.6
,Jun,17643,17657,35300,-0.1,3140102,3179588,6319690,2.2,133290,245852,379142,-8.9
,Jul,18427,18426,36853,0.4,3294501,3407575,6702076,1,135148,256867,392016,-7.7
,Aug,17857,17820,35677,-3.5,3071268,2894487,5965755,-12.5,127240,251099,378339,-10.6
,Sep,16691,16707,33398,-1,2362710,2472443,4835153,-12.7,135028,262098,397126,-6.2
,Oct,17177,17162,34339,-6,2767962,2584921,5352883,-13,138643,280586,419228,-5.5
,Nov,16266,16262,32528,-8.2,2493253,2520669,5013922,-16.1,139834,299704,439538,-3.5
,Dec,16995,17004,33999,-8.4,2826432,2873565,5699997,-12.4,141384,291678,433062,-1.2
2020,Jan,16618,16608,33226,-9.1,2779209,2922579,5701788,-11.7,115710,235638,351348,-10.5
,Feb,9029,8992,18021,-44.4,1005112,872606,1877718,-68,114923,131621,246544,-8.5
,Mar,6106,6029,12135,-67,349248,226577,575825,-91,123634,251027,374661,-11.3
,Apr,4705,4736,9441,-73.5,19664,12075,31739,-99.5,98730,235827,334557,-13.1
,May,5678,5677,11355,-68.7,24000,11000,35000,-99.4,110500,263500,374000,-5.5
,Jun,4973,4972,9945,-71.8,37000,22000,59000,-99.1,113000,241000,354000,-6.6